[
{
  "model": "news.post",
  "pk": 8,
  "fields": {
    "author": 1,
    "category": 2,
    "title": "test-1",
    "slug": "test-1",
    "text": "",
    "created_date": "2019-01-28T19:36:01.330Z",
    "published_date": "2019-01-28T19:35:01.330Z",
    "views": 1,
    "tags": []
  }
},
{
  "model": "news.post",
  "pk": 9,
  "fields": {
    "author": 1,
    "category": 2,
    "title": "test-2",
    "slug": "test-2",
    "text": "",
    "created_date": "2019-01-28T19:36:01.364Z",
    "published_date": "2019-01-28T19:34:01.364Z",
    "views": 1,
    "tags": []
  }
},
{
  "model": "news.post",
  "pk": 10,
  "fields": {
    "author": 1,
    "category": 2,
    "title": "test-3",
    "slug": "test-3",
    "text": "",
    "created_date": "2019-01-28T19:36:01.388Z",
    "published_date": "2019-01-28T19:33:01.388Z",
    "views": 0,
    "tags": []
  }
},
{
  "model": "news.post",
  "pk": 11,
  "fields": {
    "author": 1,
    "category": 2,
    "title": "test-4",
    "slug": "test-4",
    "text": "",
    "created_date": "2019-01-28T19:36:01.477Z",
    "published_date": "2019-01-28T19:32:01.477Z",
    "views": 0,
    "tags": []
  }
},
{
  "model": "news.post",
  "pk": 12,
  "fields": {
    "author": 1,
    "category": 2,
    "title": "test-5",
    "slug": "test-5",
    "text": "",
    "created_date": "2019-01-28T19:36:01.590Z",
    "published_date": "2019-01-28T19:31:01.589Z",
    "views": 2,
    "tags": []
  }
},
{
  "model": "news.post",
  "pk": 13,
  "fields": {
    "author": 1,
    "category": 2,
    "title": "test-6",
    "slug": "test-6",
    "text": "",
    "created_date": "2019-01-28T19:36:01.686Z",
    "published_date": "2019-01-28T19:30:01.686Z",
    "views": 0,
    "tags": []
  }
},
{
  "model": "news.post",
  "pk": 14,
  "fields": {
    "author": 1,
    "category": 2,
    "title": "test-7",
    "slug": "test-7",
    "text": "",
    "created_date": "2019-01-28T19:36:01.790Z",
    "published_date": "2019-01-28T19:29:01.790Z",
    "views": 0,
    "tags": []
  }
},
{
  "model": "news.post",
  "pk": 15,
  "fields": {
    "author": 1,
    "category": 2,
    "title": "test-8",
    "slug": "test-8",
    "text": "",
    "created_date": "2019-01-28T19:36:01.918Z",
    "published_date": "2019-01-28T19:28:01.918Z",
    "views": 0,
    "tags": []
  }
},
{
  "model": "news.post",
  "pk": 16,
  "fields": {
    "author": 1,
    "category": 2,
    "title": "test-9",
    "slug": "test-9",
    "text": "",
    "created_date": "2019-01-28T19:36:01.991Z",
    "published_date": "2019-01-28T19:27:01.991Z",
    "views": 1,
    "tags": []
  }
},
{
  "model": "news.post",
  "pk": 17,
  "fields": {
    "author": 1,
    "category": 2,
    "title": "test-10",
    "slug": "test-10",
    "text": "",
    "created_date": "2019-01-28T19:36:02.024Z",
    "published_date": "2019-01-28T19:26:02.024Z",
    "views": 0,
    "tags": []
  }
},
{
  "model": "news.post",
  "pk": 18,
  "fields": {
    "author": 1,
    "category": 2,
    "title": "test-11",
    "slug": "test-11",
    "text": "",
    "created_date": "2019-01-28T19:36:02.047Z",
    "published_date": "2019-01-28T19:25:02.047Z",
    "views": 0,
    "tags": []
  }
},
{
  "model": "news.post",
  "pk": 19,
  "fields": {
    "author": 1,
    "category": 2,
    "title": "test-12",
    "slug": "test-12",
    "text": "",
    "created_date": "2019-01-28T19:36:02.070Z",
    "published_date": "2019-01-28T19:24:02.070Z",
    "views": 0,
    "tags": []
  }
},
{
  "model": "news.post",
  "pk": 20,
  "fields": {
    "author": 1,
    "category": 2,
    "title": "test-13",
    "slug": "test-13",
    "text": "",
    "created_date": "2019-01-28T19:36:02.094Z",
    "published_date": "2019-01-28T19:23:02.094Z",
    "views": 0,
    "tags": []
  }
},
{
  "model": "news.post",
  "pk": 21,
  "fields": {
    "author": 1,
    "category": 2,
    "title": "test-14",
    "slug": "test-14",
    "text": "",
    "created_date": "2019-01-28T19:36:02.135Z",
    "published_date": "2019-01-28T19:22:02.135Z",
    "views": 0,
    "tags": []
  }
},
{
  "model": "news.post",
  "pk": 22,
  "fields": {
    "author": 1,
    "category": 2,
    "title": "test-15",
    "slug": "test-15",
    "text": "",
    "created_date": "2019-01-28T19:36:02.161Z",
    "published_date": "2019-01-28T19:21:02.161Z",
    "views": 0,
    "tags": []
  }
},
{
  "model": "news.post",
  "pk": 23,
  "fields": {
    "author": 1,
    "category": 2,
    "title": "test-16",
    "slug": "test-16",
    "text": "",
    "created_date": "2019-01-28T19:36:02.187Z",
    "published_date": "2019-01-28T19:20:02.187Z",
    "views": 0,
    "tags": []
  }
},
{
  "model": "news.post",
  "pk": 24,
  "fields": {
    "author": 1,
    "category": 2,
    "title": "test-17",
    "slug": "test-17",
    "text": "",
    "created_date": "2019-01-28T19:36:02.214Z",
    "published_date": "2019-01-28T19:19:02.213Z",
    "views": 0,
    "tags": []
  }
},
{
  "model": "news.post",
  "pk": 25,
  "fields": {
    "author": 1,
    "category": 2,
    "title": "test-18",
    "slug": "test-18",
    "text": "",
    "created_date": "2019-01-28T19:36:02.262Z",
    "published_date": "2019-01-28T19:18:02.261Z",
    "views": 0,
    "tags": []
  }
},
{
  "model": "news.post",
  "pk": 26,
  "fields": {
    "author": 1,
    "category": 2,
    "title": "test-19",
    "slug": "test-19",
    "text": "",
    "created_date": "2019-01-28T19:36:02.295Z",
    "published_date": "2019-01-28T19:17:02.295Z",
    "views": 0,
    "tags": []
  }
},
{
  "model": "news.post",
  "pk": 27,
  "fields": {
    "author": 1,
    "category": 2,
    "title": "test-20",
    "slug": "test-20",
    "text": "",
    "created_date": "2019-01-28T19:36:02.320Z",
    "published_date": "2019-01-28T19:16:02.320Z",
    "views": 0,
    "tags": []
  }
},
{
  "model": "news.post",
  "pk": 28,
  "fields": {
    "author": 1,
    "category": 2,
    "title": "test-21",
    "slug": "test-21",
    "text": "",
    "created_date": "2019-01-28T19:36:02.362Z",
    "published_date": "2019-01-28T19:15:02.362Z",
    "views": 0,
    "tags": []
  }
},
{
  "model": "news.post",
  "pk": 29,
  "fields": {
    "author": 1,
    "category": 2,
    "title": "test-22",
    "slug": "test-22",
    "text": "",
    "created_date": "2019-01-28T19:36:02.389Z",
    "published_date": "2019-01-28T19:14:02.388Z",
    "views": 0,
    "tags": []
  }
},
{
  "model": "news.post",
  "pk": 30,
  "fields": {
    "author": 1,
    "category": 2,
    "title": "test-23",
    "slug": "test-23",
    "text": "",
    "created_date": "2019-01-28T19:36:02.414Z",
    "published_date": "2019-01-28T19:13:02.413Z",
    "views": 0,
    "tags": []
  }
},
{
  "model": "news.post",
  "pk": 31,
  "fields": {
    "author": 1,
    "category": 2,
    "title": "test-24",
    "slug": "test-24",
    "text": "",
    "created_date": "2019-01-28T19:36:02.466Z",
    "published_date": "2019-01-28T19:12:02.466Z",
    "views": 0,
    "tags": []
  }
},
{
  "model": "news.post",
  "pk": 32,
  "fields": {
    "author": 1,
    "category": 2,
    "title": "test-25",
    "slug": "test-25",
    "text": "",
    "created_date": "2019-01-28T19:36:02.497Z",
    "published_date": "2019-01-28T19:11:02.497Z",
    "views": 0,
    "tags": []
  }
},
{
  "model": "news.post",
  "pk": 33,
  "fields": {
    "author": 1,
    "category": 2,
    "title": "test-26",
    "slug": "test-26",
    "text": "",
    "created_date": "2019-01-28T19:36:02.524Z",
    "published_date": "2019-01-28T19:10:02.523Z",
    "views": 0,
    "tags": []
  }
},
{
  "model": "news.post",
  "pk": 34,
  "fields": {
    "author": 1,
    "category": 2,
    "title": "test-27",
    "slug": "test-27",
    "text": "",
    "created_date": "2019-01-28T19:36:02.554Z",
    "published_date": "2019-01-28T19:09:02.554Z",
    "views": 0,
    "tags": []
  }
},
{
  "model": "news.post",
  "pk": 35,
  "fields": {
    "author": 1,
    "category": 2,
    "title": "test-28",
    "slug": "test-28",
    "text": "",
    "created_date": "2019-01-28T19:36:02.588Z",
    "published_date": "2019-01-28T19:08:02.588Z",
    "views": 0,
    "tags": []
  }
},
{
  "model": "news.post",
  "pk": 36,
  "fields": {
    "author": 1,
    "category": 2,
    "title": "test-29",
    "slug": "test-29",
    "text": "",
    "created_date": "2019-01-28T19:36:02.617Z",
    "published_date": "2019-01-28T19:07:02.617Z",
    "views": 0,
    "tags": []
  }
},
{
  "model": "news.post",
  "pk": 37,
  "fields": {
    "author": 1,
    "category": 2,
    "title": "test-30",
    "slug": "test-30",
    "text": "",
    "created_date": "2019-01-28T19:36:02.651Z",
    "published_date": "2019-01-28T19:06:02.651Z",
    "views": 0,
    "tags": []
  }
},
{
  "model": "news.post",
  "pk": 38,
  "fields": {
    "author": 1,
    "category": 2,
    "title": "test-31",
    "slug": "test-31",
    "text": "",
    "created_date": "2019-01-28T19:36:02.678Z",
    "published_date": "2019-01-28T19:05:02.678Z",
    "views": 0,
    "tags": []
  }
},
{
  "model": "news.post",
  "pk": 39,
  "fields": {
    "author": 1,
    "category": 2,
    "title": "test-32",
    "slug": "test-32",
    "text": "",
    "created_date": "2019-01-28T19:36:02.706Z",
    "published_date": "2019-01-28T19:04:02.706Z",
    "views": 0,
    "tags": []
  }
},
{
  "model": "news.post",
  "pk": 40,
  "fields": {
    "author": 1,
    "category": 2,
    "title": "test-33",
    "slug": "test-33",
    "text": "",
    "created_date": "2019-01-28T19:36:02.733Z",
    "published_date": "2019-01-28T19:03:02.733Z",
    "views": 0,
    "tags": []
  }
},
{
  "model": "news.post",
  "pk": 41,
  "fields": {
    "author": 1,
    "category": 2,
    "title": "test-34",
    "slug": "test-34",
    "text": "",
    "created_date": "2019-01-28T19:36:03.097Z",
    "published_date": "2019-01-28T19:02:03.096Z",
    "views": 0,
    "tags": []
  }
},
{
  "model": "news.post",
  "pk": 42,
  "fields": {
    "author": 1,
    "category": 2,
    "title": "test-35",
    "slug": "test-35",
    "text": "",
    "created_date": "2019-01-28T19:36:03.143Z",
    "published_date": "2019-01-28T19:01:03.143Z",
    "views": 0,
    "tags": []
  }
},
{
  "model": "news.post",
  "pk": 43,
  "fields": {
    "author": 1,
    "category": 2,
    "title": "test-36",
    "slug": "test-36",
    "text": "",
    "created_date": "2019-01-28T19:36:03.178Z",
    "published_date": "2019-01-28T19:00:03.178Z",
    "views": 0,
    "tags": []
  }
},
{
  "model": "news.post",
  "pk": 44,
  "fields": {
    "author": 1,
    "category": 2,
    "title": "test-37",
    "slug": "test-37",
    "text": "",
    "created_date": "2019-01-28T19:36:03.205Z",
    "published_date": "2019-01-28T18:59:03.205Z",
    "views": 0,
    "tags": []
  }
},
{
  "model": "news.post",
  "pk": 45,
  "fields": {
    "author": 1,
    "category": 2,
    "title": "test-38",
    "slug": "test-38",
    "text": "",
    "created_date": "2019-01-28T19:36:03.237Z",
    "published_date": "2019-01-28T18:58:03.236Z",
    "views": 0,
    "tags": []
  }
},
{
  "model": "news.post",
  "pk": 46,
  "fields": {
    "author": 1,
    "category": 2,
    "title": "test-39",
    "slug": "test-39",
    "text": "",
    "created_date": "2019-01-28T19:36:03.265Z",
    "published_date": "2019-01-28T18:57:03.265Z",
    "views": 0,
    "tags": []
  }
},
{
  "model": "news.post",
  "pk": 47,
  "fields": {
    "author": 1,
    "category": 2,
    "title": "test-40",
    "slug": "test-40",
    "text": "",
    "created_date": "2019-01-28T19:36:03.293Z",
    "published_date": "2019-01-28T18:56:03.293Z",
    "views": 0,
    "tags": []
  }
},
{
  "model": "news.post",
  "pk": 48,
  "fields": {
    "author": 1,
    "category": 2,
    "title": "test-41",
    "slug": "test-41",
    "text": "",
    "created_date": "2019-01-28T19:36:03.328Z",
    "published_date": "2019-01-28T18:55:03.328Z",
    "views": 0,
    "tags": []
  }
},
{
  "model": "news.post",
  "pk": 49,
  "fields": {
    "author": 1,
    "category": 2,
    "title": "test-42",
    "slug": "test-42",
    "text": "",
    "created_date": "2019-01-28T19:36:03.368Z",
    "published_date": "2019-01-28T18:54:03.368Z",
    "views": 0,
    "tags": []
  }
},
{
  "model": "news.post",
  "pk": 50,
  "fields": {
    "author": 1,
    "category": 2,
    "title": "test-43",
    "slug": "test-43",
    "text": "",
    "created_date": "2019-01-28T19:36:03.410Z",
    "published_date": "2019-01-28T18:53:03.410Z",
    "views": 0,
    "tags": []
  }
},
{
  "model": "news.post",
  "pk": 51,
  "fields": {
    "author": 1,
    "category": 2,
    "title": "test-44",
    "slug": "test-44",
    "text": "",
    "created_date": "2019-01-28T19:36:03.498Z",
    "published_date": "2019-01-28T18:52:03.498Z",
    "views": 0,
    "tags": []
  }
},
{
  "model": "news.post",
  "pk": 52,
  "fields": {
    "author": 1,
    "category": 2,
    "title": "test-45",
    "slug": "test-45",
    "text": "",
    "created_date": "2019-01-28T19:36:03.562Z",
    "published_date": "2019-01-28T18:51:03.562Z",
    "views": 0,
    "tags": []
  }
},
{
  "model": "news.post",
  "pk": 53,
  "fields": {
    "author": 1,
    "category": 2,
    "title": "test-46",
    "slug": "test-46",
    "text": "",
    "created_date": "2019-01-28T19:36:03.598Z",
    "published_date": "2019-01-28T18:50:03.597Z",
    "views": 0,
    "tags": []
  }
},
{
  "model": "news.post",
  "pk": 54,
  "fields": {
    "author": 1,
    "category": 2,
    "title": "test-47",
    "slug": "test-47",
    "text": "",
    "created_date": "2019-01-28T19:36:03.634Z",
    "published_date": "2019-01-28T18:49:03.634Z",
    "views": 0,
    "tags": []
  }
},
{
  "model": "news.post",
  "pk": 55,
  "fields": {
    "author": 1,
    "category": 2,
    "title": "test-48",
    "slug": "test-48",
    "text": "",
    "created_date": "2019-01-28T19:36:03.659Z",
    "published_date": "2019-01-28T18:48:03.659Z",
    "views": 0,
    "tags": []
  }
},
{
  "model": "news.post",
  "pk": 56,
  "fields": {
    "author": 1,
    "category": 2,
    "title": "test-49",
    "slug": "test-49",
    "text": "",
    "created_date": "2019-01-28T19:36:03.684Z",
    "published_date": "2019-01-28T18:47:03.683Z",
    "views": 0,
    "tags": []
  }
},
{
  "model": "news.post",
  "pk": 57,
  "fields": {
    "author": 1,
    "category": 2,
    "title": "test-50",
    "slug": "test-50",
    "text": "",
    "created_date": "2019-01-28T19:36:03.715Z",
    "published_date": "2019-01-28T18:46:03.714Z",
    "views": 0,
    "tags": []
  }
},
{
  "model": "news.post",
  "pk": 58,
  "fields": {
    "author": 1,
    "category": 2,
    "title": "test-51",
    "slug": "test-51",
    "text": "",
    "created_date": "2019-01-28T19:36:03.749Z",
    "published_date": "2019-01-28T18:45:03.749Z",
    "views": 0,
    "tags": []
  }
},
{
  "model": "news.post",
  "pk": 59,
  "fields": {
    "author": 1,
    "category": 2,
    "title": "test-52",
    "slug": "test-52",
    "text": "",
    "created_date": "2019-01-28T19:36:03.780Z",
    "published_date": "2019-01-28T18:44:03.780Z",
    "views": 0,
    "tags": []
  }
},
{
  "model": "news.post",
  "pk": 60,
  "fields": {
    "author": 1,
    "category": 2,
    "title": "test-53",
    "slug": "test-53",
    "text": "",
    "created_date": "2019-01-28T19:36:03.805Z",
    "published_date": "2019-01-28T18:43:03.804Z",
    "views": 0,
    "tags": []
  }
},
{
  "model": "news.post",
  "pk": 61,
  "fields": {
    "author": 1,
    "category": 2,
    "title": "test-54",
    "slug": "test-54",
    "text": "",
    "created_date": "2019-01-28T19:36:03.829Z",
    "published_date": "2019-01-28T18:42:03.829Z",
    "views": 0,
    "tags": []
  }
},
{
  "model": "news.post",
  "pk": 62,
  "fields": {
    "author": 1,
    "category": 2,
    "title": "test-55",
    "slug": "test-55",
    "text": "",
    "created_date": "2019-01-28T19:36:03.864Z",
    "published_date": "2019-01-28T18:41:03.864Z",
    "views": 0,
    "tags": []
  }
},
{
  "model": "news.post",
  "pk": 63,
  "fields": {
    "author": 1,
    "category": 2,
    "title": "test-56",
    "slug": "test-56",
    "text": "",
    "created_date": "2019-01-28T19:36:03.888Z",
    "published_date": "2019-01-28T18:40:03.888Z",
    "views": 0,
    "tags": []
  }
},
{
  "model": "news.post",
  "pk": 64,
  "fields": {
    "author": 1,
    "category": 2,
    "title": "test-57",
    "slug": "test-57",
    "text": "",
    "created_date": "2019-01-28T19:36:03.911Z",
    "published_date": "2019-01-28T18:39:03.911Z",
    "views": 0,
    "tags": []
  }
},
{
  "model": "news.post",
  "pk": 65,
  "fields": {
    "author": 1,
    "category": 2,
    "title": "test-58",
    "slug": "test-58",
    "text": "",
    "created_date": "2019-01-28T19:36:03.941Z",
    "published_date": "2019-01-28T18:38:03.941Z",
    "views": 0,
    "tags": []
  }
},
{
  "model": "news.post",
  "pk": 66,
  "fields": {
    "author": 1,
    "category": 2,
    "title": "test-59",
    "slug": "test-59",
    "text": "",
    "created_date": "2019-01-28T19:36:03.968Z",
    "published_date": "2019-01-28T18:37:03.968Z",
    "views": 0,
    "tags": []
  }
},
{
  "model": "news.post",
  "pk": 67,
  "fields": {
    "author": 1,
    "category": 2,
    "title": "test-60",
    "slug": "test-60",
    "text": "",
    "created_date": "2019-01-28T19:36:03.992Z",
    "published_date": "2019-01-28T18:36:03.992Z",
    "views": 0,
    "tags": []
  }
},
{
  "model": "news.post",
  "pk": 68,
  "fields": {
    "author": 1,
    "category": 2,
    "title": "test-61",
    "slug": "test-61",
    "text": "",
    "created_date": "2019-01-28T19:36:04.037Z",
    "published_date": "2019-01-28T18:35:04.037Z",
    "views": 0,
    "tags": []
  }
},
{
  "model": "news.post",
  "pk": 69,
  "fields": {
    "author": 1,
    "category": 2,
    "title": "test-62",
    "slug": "test-62",
    "text": "",
    "created_date": "2019-01-28T19:36:04.106Z",
    "published_date": "2019-01-28T18:34:04.106Z",
    "views": 0,
    "tags": []
  }
},
{
  "model": "news.post",
  "pk": 70,
  "fields": {
    "author": 1,
    "category": 2,
    "title": "test-63",
    "slug": "test-63",
    "text": "",
    "created_date": "2019-01-28T19:36:04.136Z",
    "published_date": "2019-01-28T18:33:04.136Z",
    "views": 0,
    "tags": []
  }
},
{
  "model": "news.post",
  "pk": 71,
  "fields": {
    "author": 1,
    "category": 2,
    "title": "test-64",
    "slug": "test-64",
    "text": "",
    "created_date": "2019-01-28T19:36:04.166Z",
    "published_date": "2019-01-28T18:32:04.166Z",
    "views": 0,
    "tags": []
  }
},
{
  "model": "news.post",
  "pk": 72,
  "fields": {
    "author": 1,
    "category": 2,
    "title": "test-65",
    "slug": "test-65",
    "text": "",
    "created_date": "2019-01-28T19:36:04.189Z",
    "published_date": "2019-01-28T18:31:04.189Z",
    "views": 0,
    "tags": []
  }
},
{
  "model": "news.post",
  "pk": 73,
  "fields": {
    "author": 1,
    "category": 2,
    "title": "test-66",
    "slug": "test-66",
    "text": "",
    "created_date": "2019-01-28T19:36:04.211Z",
    "published_date": "2019-01-28T18:30:04.211Z",
    "views": 0,
    "tags": []
  }
},
{
  "model": "news.post",
  "pk": 74,
  "fields": {
    "author": 1,
    "category": 2,
    "title": "test-67",
    "slug": "test-67",
    "text": "",
    "created_date": "2019-01-28T19:36:04.245Z",
    "published_date": "2019-01-28T18:29:04.245Z",
    "views": 0,
    "tags": []
  }
},
{
  "model": "news.post",
  "pk": 75,
  "fields": {
    "author": 1,
    "category": 2,
    "title": "test-68",
    "slug": "test-68",
    "text": "",
    "created_date": "2019-01-28T19:36:04.270Z",
    "published_date": "2019-01-28T18:28:04.270Z",
    "views": 0,
    "tags": []
  }
},
{
  "model": "news.post",
  "pk": 76,
  "fields": {
    "author": 1,
    "category": 2,
    "title": "test-69",
    "slug": "test-69",
    "text": "",
    "created_date": "2019-01-28T19:36:04.292Z",
    "published_date": "2019-01-28T18:27:04.292Z",
    "views": 0,
    "tags": []
  }
},
{
  "model": "news.post",
  "pk": 77,
  "fields": {
    "author": 1,
    "category": 2,
    "title": "test-70",
    "slug": "test-70",
    "text": "",
    "created_date": "2019-01-28T19:36:04.315Z",
    "published_date": "2019-01-28T18:26:04.315Z",
    "views": 0,
    "tags": []
  }
},
{
  "model": "news.post",
  "pk": 78,
  "fields": {
    "author": 1,
    "category": 2,
    "title": "test-71",
    "slug": "test-71",
    "text": "",
    "created_date": "2019-01-28T19:36:04.342Z",
    "published_date": "2019-01-28T18:25:04.342Z",
    "views": 0,
    "tags": []
  }
},
{
  "model": "news.post",
  "pk": 79,
  "fields": {
    "author": 1,
    "category": 2,
    "title": "test-72",
    "slug": "test-72",
    "text": "",
    "created_date": "2019-01-28T19:36:04.367Z",
    "published_date": "2019-01-28T18:24:04.367Z",
    "views": 0,
    "tags": []
  }
},
{
  "model": "news.post",
  "pk": 80,
  "fields": {
    "author": 1,
    "category": 2,
    "title": "test-73",
    "slug": "test-73",
    "text": "",
    "created_date": "2019-01-28T19:36:04.400Z",
    "published_date": "2019-01-28T18:23:04.400Z",
    "views": 0,
    "tags": []
  }
},
{
  "model": "news.post",
  "pk": 81,
  "fields": {
    "author": 1,
    "category": 2,
    "title": "test-74",
    "slug": "test-74",
    "text": "",
    "created_date": "2019-01-28T19:36:04.432Z",
    "published_date": "2019-01-28T18:22:04.432Z",
    "views": 0,
    "tags": []
  }
},
{
  "model": "news.post",
  "pk": 82,
  "fields": {
    "author": 1,
    "category": 2,
    "title": "test-75",
    "slug": "test-75",
    "text": "",
    "created_date": "2019-01-28T19:36:04.461Z",
    "published_date": "2019-01-28T18:21:04.461Z",
    "views": 0,
    "tags": []
  }
},
{
  "model": "news.post",
  "pk": 83,
  "fields": {
    "author": 1,
    "category": 2,
    "title": "test-76",
    "slug": "test-76",
    "text": "",
    "created_date": "2019-01-28T19:36:04.512Z",
    "published_date": "2019-01-28T18:20:04.509Z",
    "views": 0,
    "tags": []
  }
},
{
  "model": "news.post",
  "pk": 84,
  "fields": {
    "author": 1,
    "category": 2,
    "title": "test-77",
    "slug": "test-77",
    "text": "",
    "created_date": "2019-01-28T19:36:04.539Z",
    "published_date": "2019-01-28T18:19:04.539Z",
    "views": 0,
    "tags": []
  }
},
{
  "model": "news.post",
  "pk": 85,
  "fields": {
    "author": 1,
    "category": 2,
    "title": "test-78",
    "slug": "test-78",
    "text": "",
    "created_date": "2019-01-28T19:36:04.564Z",
    "published_date": "2019-01-28T18:18:04.564Z",
    "views": 0,
    "tags": []
  }
},
{
  "model": "news.post",
  "pk": 86,
  "fields": {
    "author": 1,
    "category": 2,
    "title": "test-79",
    "slug": "test-79",
    "text": "",
    "created_date": "2019-01-28T19:36:04.589Z",
    "published_date": "2019-01-28T18:17:04.589Z",
    "views": 0,
    "tags": []
  }
},
{
  "model": "news.post",
  "pk": 87,
  "fields": {
    "author": 1,
    "category": 2,
    "title": "test-80",
    "slug": "test-80",
    "text": "",
    "created_date": "2019-01-28T19:36:04.635Z",
    "published_date": "2019-01-28T18:16:04.635Z",
    "views": 0,
    "tags": []
  }
},
{
  "model": "news.post",
  "pk": 88,
  "fields": {
    "author": 1,
    "category": 2,
    "title": "test-81",
    "slug": "test-81",
    "text": "",
    "created_date": "2019-01-28T19:36:04.662Z",
    "published_date": "2019-01-28T18:15:04.661Z",
    "views": 0,
    "tags": []
  }
},
{
  "model": "news.post",
  "pk": 89,
  "fields": {
    "author": 1,
    "category": 2,
    "title": "test-82",
    "slug": "test-82",
    "text": "",
    "created_date": "2019-01-28T19:36:04.696Z",
    "published_date": "2019-01-28T18:14:04.695Z",
    "views": 0,
    "tags": []
  }
},
{
  "model": "news.post",
  "pk": 90,
  "fields": {
    "author": 1,
    "category": 2,
    "title": "test-83",
    "slug": "test-83",
    "text": "",
    "created_date": "2019-01-28T19:36:04.737Z",
    "published_date": "2019-01-28T18:13:04.736Z",
    "views": 0,
    "tags": []
  }
},
{
  "model": "news.post",
  "pk": 91,
  "fields": {
    "author": 1,
    "category": 2,
    "title": "test-84",
    "slug": "test-84",
    "text": "",
    "created_date": "2019-01-28T19:36:04.765Z",
    "published_date": "2019-01-28T18:12:04.765Z",
    "views": 0,
    "tags": []
  }
},
{
  "model": "news.post",
  "pk": 92,
  "fields": {
    "author": 1,
    "category": 2,
    "title": "test-85",
    "slug": "test-85",
    "text": "",
    "created_date": "2019-01-28T19:36:04.796Z",
    "published_date": "2019-01-28T18:11:04.796Z",
    "views": 0,
    "tags": []
  }
},
{
  "model": "news.post",
  "pk": 93,
  "fields": {
    "author": 1,
    "category": 2,
    "title": "test-86",
    "slug": "test-86",
    "text": "",
    "created_date": "2019-01-28T19:36:04.822Z",
    "published_date": "2019-01-28T18:10:04.822Z",
    "views": 0,
    "tags": []
  }
},
{
  "model": "news.post",
  "pk": 94,
  "fields": {
    "author": 1,
    "category": 2,
    "title": "test-87",
    "slug": "test-87",
    "text": "",
    "created_date": "2019-01-28T19:36:04.850Z",
    "published_date": "2019-01-28T18:09:04.849Z",
    "views": 0,
    "tags": []
  }
},
{
  "model": "news.post",
  "pk": 95,
  "fields": {
    "author": 1,
    "category": 2,
    "title": "test-88",
    "slug": "test-88",
    "text": "",
    "created_date": "2019-01-28T19:36:04.873Z",
    "published_date": "2019-01-28T18:08:04.873Z",
    "views": 0,
    "tags": []
  }
},
{
  "model": "news.post",
  "pk": 96,
  "fields": {
    "author": 1,
    "category": 2,
    "title": "test-89",
    "slug": "test-89",
    "text": "",
    "created_date": "2019-01-28T19:36:04.917Z",
    "published_date": "2019-01-28T18:07:04.917Z",
    "views": 0,
    "tags": []
  }
},
{
  "model": "news.post",
  "pk": 97,
  "fields": {
    "author": 1,
    "category": 2,
    "title": "test-90",
    "slug": "test-90",
    "text": "",
    "created_date": "2019-01-28T19:36:04.994Z",
    "published_date": "2019-01-28T18:06:04.993Z",
    "views": 0,
    "tags": []
  }
},
{
  "model": "news.post",
  "pk": 98,
  "fields": {
    "author": 1,
    "category": 2,
    "title": "test-91",
    "slug": "test-91",
    "text": "",
    "created_date": "2019-01-28T19:36:05.019Z",
    "published_date": "2019-01-28T18:05:05.019Z",
    "views": 0,
    "tags": []
  }
},
{
  "model": "news.post",
  "pk": 99,
  "fields": {
    "author": 1,
    "category": 2,
    "title": "test-92",
    "slug": "test-92",
    "text": "",
    "created_date": "2019-01-28T19:36:05.055Z",
    "published_date": "2019-01-28T18:04:05.055Z",
    "views": 0,
    "tags": []
  }
},
{
  "model": "news.post",
  "pk": 100,
  "fields": {
    "author": 1,
    "category": 2,
    "title": "test-93",
    "slug": "test-93",
    "text": "",
    "created_date": "2019-01-28T19:36:05.086Z",
    "published_date": "2019-01-28T18:03:05.086Z",
    "views": 0,
    "tags": []
  }
},
{
  "model": "news.post",
  "pk": 101,
  "fields": {
    "author": 1,
    "category": 2,
    "title": "test-94",
    "slug": "test-94",
    "text": "",
    "created_date": "2019-01-28T19:36:05.113Z",
    "published_date": "2019-01-28T18:02:05.113Z",
    "views": 0,
    "tags": []
  }
},
{
  "model": "news.post",
  "pk": 102,
  "fields": {
    "author": 1,
    "category": 2,
    "title": "test-95",
    "slug": "test-95",
    "text": "",
    "created_date": "2019-01-28T19:36:05.151Z",
    "published_date": "2019-01-28T18:01:05.151Z",
    "views": 0,
    "tags": []
  }
},
{
  "model": "news.post",
  "pk": 103,
  "fields": {
    "author": 1,
    "category": 2,
    "title": "test-96",
    "slug": "test-96",
    "text": "",
    "created_date": "2019-01-28T19:36:05.194Z",
    "published_date": "2019-01-28T18:00:05.194Z",
    "views": 0,
    "tags": []
  }
},
{
  "model": "news.post",
  "pk": 104,
  "fields": {
    "author": 1,
    "category": 2,
    "title": "test-97",
    "slug": "test-97",
    "text": "",
    "created_date": "2019-01-28T19:36:05.237Z",
    "published_date": "2019-01-28T17:59:05.237Z",
    "views": 0,
    "tags": []
  }
},
{
  "model": "news.post",
  "pk": 105,
  "fields": {
    "author": 1,
    "category": 2,
    "title": "test-98",
    "slug": "test-98",
    "text": "",
    "created_date": "2019-01-28T19:36:05.264Z",
    "published_date": "2019-01-28T17:58:05.264Z",
    "views": 0,
    "tags": []
  }
},
{
  "model": "news.post",
  "pk": 106,
  "fields": {
    "author": 1,
    "category": 2,
    "title": "test-99",
    "slug": "test-99",
    "text": "",
    "created_date": "2019-01-28T19:36:05.287Z",
    "published_date": "2019-01-28T17:57:05.287Z",
    "views": 0,
    "tags": []
  }
},
{
  "model": "news.post",
  "pk": 107,
  "fields": {
    "author": 1,
    "category": 2,
    "title": "test-100",
    "slug": "test-100",
    "text": "",
    "created_date": "2019-01-28T19:36:05.310Z",
    "published_date": "2019-01-28T17:56:05.310Z",
    "views": 0,
    "tags": []
  }
},
{
  "model": "news.post",
  "pk": 108,
  "fields": {
    "author": 1,
    "category": 2,
    "title": "Cross-shard communication could be facilitated by Merkle-proof-verifiable receipts!",
    "slug": "lkajsdkjf-laksdjfasdf",
    "text": "<p><img alt=\"\" src=\"/media/uploads/2019/02/02/180901-007.jpg\" /></p>\r\n\r\n<p>Major&nbsp;<a href=\"https://cointelegraph.com/tags/united-kingdom\">United Kingdom</a>&nbsp;public transport provider Go-Ahead Group Plc. is partnering with&nbsp;<a href=\"https://cointelegraph.com/tags/blockchain\">blockchain</a>startup DOVU to introduce a&nbsp;<a href=\"https://cointelegraph.com/tags/tokens\">tokenized</a>&nbsp;rewards system for rail customers, TechCrunch&nbsp;<a href=\"https://techcrunch.com/2019/02/01/commuters-become-crypto-users-as-dovu-signs-loyalty-deal-with-rail-service/\" rel=\"nofollow,noopener\" target=\"_blank\">reported</a>Feb. 1.</p>\r\n\r\n<p>Listed on the FTSE 250 &mdash; an index of the 101st to 350th largest companies listed on the London Stock Exchange &mdash; Go-Ahead provides over one billion rail and bus journeys in the U.K. every year. As well as being the largest bus service operator in London, the Group&rsquo;s services&nbsp;<a href=\"https://www.go-ahead.com/en/about-us.html\" rel=\"nofollow,noopener\" target=\"_blank\">reportedly</a>&nbsp;account for around 30 percent of all U.K. train passenger journeys.</p>\r\n\r\n<blockquote>\r\n<p>DOVU is now set to roll out its blockchain-based rewards platform &mdash; which uses a native &nbsp;ERC-20 token,&nbsp;<a href=\"https://coinmarketcap.com/currencies/dovu/\" rel=\"nofollow,noopener\" target=\"_blank\">DOV</a>&nbsp;&mdash; on Go-Ahead&rsquo;s widely-used Thameslink and Southern Rail services. The crypto-powered incentivization scheme will reward members for sharing their travel data, with a focus on the first and last leg of commuters&rsquo; journeys.</p>\r\n</blockquote>\r\n\r\n<p>DOVU COO and co-founder Krasina Mileva has proposed the tokenzied system will provide Go-Ahead with &ldquo;actionable data that can boost efficiencies and improve services.&rdquo; &nbsp;</p>\r\n\r\n<p>Alongside encouraging data sharing, the platform will reportedly be used to reward commuters with tokens for changes to their travel behavior &mdash; although the exact nature of such changes is not indicated in DOVU&rsquo;s post.</p>\r\n\r\n<p>The new partnership reportedly follows on from DOVU&rsquo;s participation as a finalist in Go-Ahead&rsquo;s accelerator scheme &mdash; The Billion Journey Project &mdash; which focuses on developing innovative proof-of-concepts and scale solutions for the transport industry.</p>\r\n\r\n<p>To press time, Go-Ahead has not responded to Cointelegraph&rsquo;s request for comment.</p>\r\n\r\n<p>As reported, DOVU has previously&nbsp;<a href=\"https://cointelegraph.com/news/bmw-pilots-gamified-crypto-reward-system-to-incentivize-drivers-to-track-mileage\">partnered</a>&nbsp;with major automobile manufacturer BMW on a tokenized rewards system that encourages drivers to track mileage on their leased vehicles.</p>\r\n\r\n<p>Last month, Cointelegraph&nbsp;<a href=\"https://cointelegraph.com/news/german-railway-operator-examines-deploying-blockchain-to-tokenize-its-ecosystem\">reported</a>&nbsp;that major&nbsp;<a href=\"https://cointelegraph.com/tags/germany\">German</a>&nbsp;railway operator Deutsche Bahn AG (DB) had partnered with blockchain integration platform Unibright to explore the possibility of tokenizing its ecosystem. The railway giant, which is considered to be the largest in&nbsp;<a href=\"https://cointelegraph.com/tags/europe\">Europe</a>, has said it aims to ascertain whether decentralized solutions can cut operational costs and help DB interact with other members of the travel industry.</p>",
    "created_date": "2019-01-28T19:37:35.552Z",
    "published_date": "2019-02-23T17:08:28.988Z",
    "views": 9,
    "tags": [
      1
    ]
  }
},
{
  "model": "news.post",
  "pk": 109,
  "fields": {
    "author": 12,
    "category": 2,
    "title": "\u041d\u0430\u0434\u043e \u043f\u043e\u0434\u0443\u043c\u0430\u0442\u044c",
    "slug": "nado-podumat",
    "text": "<p>\u041d\u0430\u0434\u043e \u043f\u043e\u0434\u0443\u043c\u0430\u0442\u044c \u043d\u0430\u0434 \u0442\u0435\u043c, \u043a\u0430\u043a \u0438 \u043a\u043e\u043c\u0443 \u0434\u0430\u0432\u0430\u0442\u044c \u0434\u043e\u0441\u0442\u0443\u043f \u043f\u0438\u0441\u0430\u0442\u044c \u0441\u0442\u0430\u0442\u044c\u0438, \u0438\u0431\u043e \u043e\u043d\u0438 \u0434\u043e\u043b\u0436\u043d\u044b \u043f\u0440\u043e\u0445\u043e\u0434\u0438\u0442\u044c \u043c\u043e\u0434\u0435\u0440\u0430\u0446\u0438\u044e.</p>\r\n\r\n<p>\u0412 \u044d\u0442\u043e\u043c \u043f\u043b\u0430\u043d\u0435,\u044f \u0442\u0443\u0442 \u0434\u0443\u043c\u0430\u043b, \u0442\u0435\u043c\u0430 \u043a\u0430\u043a \u0443 \u0425\u0430\u043a\u0435\u0440\u041d\u0443\u043d\u0430 (\u0438\u043b\u0438 \u043a\u0430\u043a \u0441\u0435\u0439\u0447\u0430\u0441 \u0443 \u041a\u0438\u0440\u0438\u043b\u043b\u0430), \u043a\u043e\u043d\u0435\u0447\u043d\u043e \u0441 \u043e\u0434\u043d\u043e\u0439 \u0441\u0442\u043e\u0440\u043e\u043d\u044b \u0432\u044b\u0438\u0433\u0440\u044b\u0448\u043d\u0430 - \u0438 \u0442\u0430\u043a \u0432\u0441\u044f \u0442\u0443\u0441\u043e\u0432\u043a\u0430 \u0442\u0443\u0441\u0443\u0435\u0442\u0441\u044f \u043d\u0430 \u043c\u0435\u0434\u0438\u0443\u043c\u0435 + \u0432 \u043d\u0435\u043c \u0435\u0441\u0442\u044c \u0438\u043d\u0441\u0442\u0440\u0443\u043c\u0435\u043d\u0442\u044b \u0434\u043b\u044f \u043f\u0440\u0438\u0432\u043b\u0435\u0447\u0435\u043d\u0438\u044f \u0430\u0443\u0434\u0438\u0442\u043e\u0440\u0438\u0438 (\u0440\u0435\u043a\u043e\u043c\u0435\u043d\u0434\u0430\u0446\u0438\u0438, \u043f\u043e\u0445\u043e\u0436\u0438\u0435, \u043f\u043e\u043f\u0430\u0434\u0430\u043d\u0438\u0435 \u0432 \u0438\u0445 \u0440\u0430\u0441\u0441\u044b\u043b\u043a\u0438 \u043f\u043e \u0442\u0435\u043c\u0430\u0442\u0438\u043a\u0430\u043c \u0438 \u043e\u0431\u0449\u0438\u0435).&nbsp;</p>",
    "created_date": "2019-02-04T16:37:30.565Z",
    "published_date": "2019-02-04T16:37:30.575Z",
    "views": 6,
    "tags": []
  }
},
{
  "model": "news.post",
  "pk": 110,
  "fields": {
    "author": 1,
    "category": 2,
    "title": "Middle East Investors Meetup - Dubai-asdf11",
    "slug": "middle-east-investors-meetup-dubai",
    "text": "<p><a href=\"https://cointelegraph.com/tags/canada\">Canadian</a>&nbsp;<a href=\"https://cointelegraph.com/tags/banks\">banks</a>&nbsp;have showed hesitation concerning the management of insolvent&nbsp;<a href=\"https://cointelegraph.com/tags/cryptocurrency-exchange\">cryptocurrency exchange</a>&nbsp;<a href=\"https://cointelegraph.com/tags/quadrigacx\">QuadrigaCX</a>&rsquo;s assets, national public broadcaster CBC&nbsp;<a href=\"https://www.cbc.ca/news/canada/nova-scotia/quadriga-court-cryptocurrency-banks-1.5030612?cmp=rss\" rel=\"nofollow,noopener\" target=\"_blank\">reports</a>&nbsp;on Feb. 22.</p>\r\n\r\n<blockquote>\r\n<p>QuadrigaCX has&nbsp;<a href=\"https://cointelegraph.com/news/crypto-exchange-quadrigacx-missing-145-mln-after-death-of-founder\">faced</a>&nbsp;financial difficulty following the sudden death of its founder Gerry Cotten, who was the allegedly only one with access to the exchange&rsquo;s cold wallets.</p>\r\n</blockquote>\r\n\r\n<p>As Cointelegraph&nbsp;<a href=\"https://cointelegraph.com/news/quadrigacx-transfers-remaining-crypto-to-big-four-auditor-ernst-young\">reported</a>&nbsp;earlier this week, QuadrigaCX has sent its remaining<a href=\"https://cointelegraph.com/tags/cryptocurrencies\">&nbsp;crypto</a>&nbsp;assets from its hot<a href=\"https://cointelegraph.com/tags/wallet\">&nbsp;wallets</a>&nbsp;to Big Four auditing firm<a href=\"https://cointelegraph.com/tags/ernst-&amp;-young\">&nbsp;Ernst &amp; Young</a>, the court-appointed monitor overseeing the case. During Friday&rsquo;s court hearing, lawyers for the Bank of Montreal and the auditing firm reportedly said that the banks are uncomfortable managing the funds, citing the uncertainty of their origin.</p>\r\n\r\n<p>Elizabeth Pillon, a lawyer representing Ernst and Young, is quoted by CBC saying that she doesn&#39;t blame the banks for their hesitation since there are allegedly&nbsp;<a href=\"https://cointelegraph.com/tags/money-laundering\">money laundering</a>&nbsp;issues. Pillon also reportedly noted:</p>",
    "created_date": "2019-02-23T17:03:42.431Z",
    "published_date": "2019-02-23T22:00:30.760Z",
    "views": 3,
    "tags": [
      1
    ]
  }
},
{
  "model": "news.post",
  "pk": 111,
  "fields": {
    "author": 1,
    "category": 14,
    "title": "Cross-shard communication could be facilitated by Merkle-proof-verifiable receipts!",
    "slug": "cross-shard-communication-could-be-facilitated-by-merkle-proof-verifiable-receipts",
    "text": "<p>asdfasdf</p>",
    "created_date": "2019-04-14T21:51:58.408Z",
    "published_date": "2019-04-14T21:51:58.410Z",
    "views": 1,
    "tags": [
      1
    ]
  }
},
{
  "model": "news.post",
  "pk": 112,
  "fields": {
    "author": 1,
    "category": null,
    "title": "Middle East Investors Meetup - Dubai",
    "slug": "middle-east-investors-meetup-dubai-1",
    "text": "<p><img alt=\"\" src=\"/media/uploads/2019/04/15/bitcoin-exchange.jpg\" style=\"height:666px; width:1000px\" /></p>\r\n\r\n<p>asdfas</p>\r\n\r\n<p>da</p>\r\n\r\n<p>sdf</p>\r\n\r\n<p>asdf</p>",
    "created_date": "2019-04-14T21:54:04.484Z",
    "published_date": "2019-04-14T21:54:04.486Z",
    "views": 4,
    "tags": [
      1
    ]
  }
},
{
  "model": "news.post",
  "pk": 113,
  "fields": {
    "author": 1,
    "category": 2,
    "title": "Cross-shard communication could be facilitated by Merkle-proof-verifiable receipts!",
    "slug": "middle-east-investors-meetup",
    "text": "<h2><img alt=\"\" src=\"/media/uploads/2019/04/18/ieo.png\" style=\"height:600px; width:1200px\" /></h2>\r\n\r\n<h2>IEO Platforms Are Quickly Replacing Old-Fashioned ICOs</h2>\r\n\r\n<p>We&rsquo;ve recently witnessed a transformation of the global ICO market from a dying model of projects issuing and selling tokens directly, to a completely new model whereby tokens are sold by exchanges which immediately list the tokens at the sale&rsquo;s conclusion. This model has fittingly been called an Initial Exchange Offering (IEO), and although the first cases took place back in 2017 (Bread, Gifto) the trend didn&rsquo;t really take off until the beginning of 2019.</p>\r\n\r\n<blockquote>\r\n<p>Essentially, an IEO is the same crowdfunding process as an ICO is, except that the project which issues the tokens and desires to raise capital relies on exchange to perform crowdsale rather than doing it themselves.</p>\r\n</blockquote>\r\n\r\n<p>Binance pioneered this tokensale method</p>\r\n\r\n<p>with multiple huge successes on Binance Launchpad, inspiring other market participants to begin developing their own IEO platforms as a result.</p>\r\n\r\n<p>At the present time we can count at least 15 exchanges which have either started supporting IEOs or announced that they are developing an IEO concept.</p>",
    "created_date": "2019-04-15T10:33:39Z",
    "published_date": "2019-04-15T21:03:18.089Z",
    "views": 135,
    "tags": [
      1,
      2,
      3,
      4,
      5,
      6,
      7,
      8,
      9,
      10
    ]
  }
},
{
  "model": "news.post",
  "pk": 114,
  "fields": {
    "author": 1,
    "category": 2,
    "title": "Bitcoin News asdf",
    "slug": "bitcoin-news-asdf",
    "text": "<p>adsasdfasdf</p>",
    "created_date": "2019-04-15T11:34:25.927Z",
    "published_date": "2019-04-15T11:34:25.931Z",
    "views": 4,
    "tags": [
      1
    ]
  }
},
{
  "model": "news.post",
  "pk": 115,
  "fields": {
    "author": 11,
    "category": null,
    "title": "\u0411\u0438\u0437\u043d\u0435\u0441 \u0417\u0430\u0432\u0442\u0440\u0430\u043a Priority Token",
    "slug": "biznes-zavtrak-priority-token",
    "text": "<p>asdfasdf</p>",
    "created_date": "2019-04-15T11:35:23.810Z",
    "published_date": "2019-04-17T13:06:11.948Z",
    "views": 5,
    "tags": [
      1
    ]
  }
},
{
  "model": "news.post",
  "pk": 116,
  "fields": {
    "author": 1,
    "category": null,
    "title": "Ethereum asdf",
    "slug": "ethereum-asdf",
    "text": "<p>asdfasdf</p>",
    "created_date": "2019-04-15T12:35:11.050Z",
    "published_date": "2019-04-15T12:35:11.052Z",
    "views": 3,
    "tags": [
      1
    ]
  }
},
{
  "model": "news.post",
  "pk": 117,
  "fields": {
    "author": 1,
    "category": 9,
    "title": "Middle East Investors Meetup - toronto",
    "slug": "middle-east-investors-meetup-toronto",
    "text": "<p>adsfasdf</p>",
    "created_date": "2019-04-15T16:21:35Z",
    "published_date": "2019-04-15T16:52:46.937Z",
    "views": 126,
    "tags": [
      1
    ]
  }
},
{
  "model": "news.post",
  "pk": 118,
  "fields": {
    "author": 1,
    "category": 2,
    "title": "draft 1",
    "slug": "draft-1",
    "text": "<p>lljlalkdsfjl</p>",
    "created_date": "2019-04-15T16:54:05Z",
    "published_date": "2019-04-15T21:03:14.822Z",
    "views": 1,
    "tags": [
      1
    ]
  }
},
{
  "model": "news.post",
  "pk": 119,
  "fields": {
    "author": 1,
    "category": 9,
    "title": "draft 2",
    "slug": "draft-2",
    "text": "<p>asdfasdf</p>",
    "created_date": "2019-04-15T16:58:27Z",
    "published_date": "2019-04-15T21:03:11.522Z",
    "views": 2,
    "tags": [
      1
    ]
  }
},
{
  "model": "news.post",
  "pk": 120,
  "fields": {
    "author": 11,
    "category": 15,
    "title": "\u0444\u044b\u0432\u0430\u0444\u044b\u0432\u0430",
    "slug": "fyvafyva",
    "text": "<p>\u0444\u044b\u0432\u0430\u0444\u044b\u0432\u0430</p>",
    "created_date": "2019-04-17T13:14:32Z",
    "published_date": "2019-04-17T13:14:50.798Z",
    "views": 1,
    "tags": [
      1
    ]
  }
},
{
  "model": "news.post",
  "pk": 121,
  "fields": {
    "author": 11,
    "category": 15,
    "title": "\u0444\u044b\u0432\u0430\u0444\u044b\u0432\u0430\u0444\u044b\u0432\u0430",
    "slug": "fyvafyvafyva",
    "text": "<p>\u0444\u044b\u0432\u0430\u0444\u044b\u0432\u0430</p>",
    "created_date": "2019-04-17T13:15:34Z",
    "published_date": "2019-04-17T13:15:49.258Z",
    "views": 3,
    "tags": [
      1
    ]
  }
},
{
  "model": "news.post",
  "pk": 122,
  "fields": {
    "author": 1,
    "category": 10,
    "title": "Middle East Investors Meetup - Dubai \u0444\u044b\u0432\u0430",
    "slug": "middle-east-investors-meetup-dubai-fyiva",
    "text": "<p>\u0444\u0432\u0430\u0444\u044b\u0432\u0430111</p>",
    "created_date": "2019-04-17T13:18:09.659Z",
    "published_date": "2019-04-17T13:53:40.274Z",
    "views": 3,
    "tags": [
      1
    ]
  }
},
{
  "model": "news.post",
  "pk": 123,
  "fields": {
    "author": 1,
    "category": 10,
    "title": "Middle East Investors Meetup - Dubai \u0444\u044b\u0432\u0430a asdf",
    "slug": "middle-east-investors-meetup-dubai-fyivaa",
    "text": "<p>\u0444\u0432\u0430\u0444\u044b\u0432\u0430 asasdfasdf</p>",
    "created_date": "2019-04-17T13:25:54.918Z",
    "published_date": "2019-04-17T13:50:17.586Z",
    "views": 2,
    "tags": [
      1
    ]
  }
},
{
  "model": "news.post",
  "pk": 124,
  "fields": {
    "author": 1,
    "category": 10,
    "title": "Middle East Investors Meetup - Dubai \u0444\u044b\u0432\u0430a",
    "slug": "middle-east-investors-meetup-dubai-fyivaa-1",
    "text": "<p>\u0444\u0432\u0430\u0444\u044b\u0432\u0430</p>",
    "created_date": "2019-04-17T13:26:19.334Z",
    "published_date": null,
    "views": 0,
    "tags": [
      1
    ]
  }
},
{
  "model": "news.post",
  "pk": 125,
  "fields": {
    "author": 1,
    "category": 10,
    "title": "Middle East Investors Meetup - Dubai \u0444\u044b\u0432\u0430a",
    "slug": "middle-east-investors-meetup-dubai-fyivaa-2",
    "text": "<p>\u0444\u0432\u0430\u0444\u044b\u0432\u0430</p>\r\n\r\n<p>asd</p>\r\n\r\n<p>f</p>\r\n\r\n<p>asdf</p>",
    "created_date": "2019-04-17T13:26:44.880Z",
    "published_date": null,
    "views": 3,
    "tags": [
      1
    ]
  }
},
{
  "model": "news.post",
  "pk": 126,
  "fields": {
    "author": 1,
    "category": 19,
    "title": "draft text",
    "slug": "draft-text",
    "text": "<p>lkjlkjasldkf</p>",
    "created_date": "2019-04-17T13:36:36.753Z",
    "published_date": "2019-04-18T11:33:02.771Z",
    "views": 2,
    "tags": [
      1
    ]
  }
},
{
  "model": "news.post",
  "pk": 127,
  "fields": {
    "author": 1,
    "category": 19,
    "title": "draft text",
    "slug": "draft-text-1",
    "text": "<p>lkjlkjasldkf</p>",
    "created_date": "2019-04-17T13:37:45.845Z",
    "published_date": "2019-04-18T10:48:43.826Z",
    "views": 3,
    "tags": [
      1
    ]
  }
},
{
  "model": "news.post",
  "pk": 128,
  "fields": {
    "author": 1,
    "category": null,
    "title": "Bitcoin",
    "slug": "bitcoin",
    "text": "<h2>\u0444\u044b\u0432\u0430</h2>\r\n\r\n<p>\u0444\u044b\u0432\u0444\u044b\u0432\u0430</p>",
    "created_date": "2019-04-17T13:45:51.942Z",
    "published_date": "2019-04-17T15:12:24.870Z",
    "views": 5,
    "tags": [
      1
    ]
  }
},
{
  "model": "news.post",
  "pk": 129,
  "fields": {
    "author": 1,
    "category": null,
    "title": "Bitcoin",
    "slug": "bitcoin-1",
    "text": "<h2>\u0444\u044b\u0432\u0430 asdfasdf</h2>",
    "created_date": "2019-04-17T13:47:14.785Z",
    "published_date": "2019-04-17T13:49:41.226Z",
    "views": 1,
    "tags": [
      1
    ]
  }
},
{
  "model": "news.post",
  "pk": 136,
  "fields": {
    "author": 11,
    "category": 10,
    "title": "Middle East Investors Meetup - Dubai asdfasdf",
    "slug": "middle-east-investors-meetup-dubai-asdfasdf",
    "text": "<p>asdfa a</p>\r\n\r\n<p>as</p>\r\n\r\n<p>df</p>\r\n\r\n<p>as</p>\r\n\r\n<p>df</p>",
    "created_date": "2019-04-17T17:00:46.676Z",
    "published_date": "2019-04-17T17:01:47.630Z",
    "views": 5,
    "tags": [
      1
    ]
  }
},
{
  "model": "news.post",
  "pk": 137,
  "fields": {
    "author": 1,
    "category": null,
    "title": "Ethereum",
    "slug": "ethereum",
    "text": "<p>asdf</p>",
    "created_date": "2019-04-17T19:00:37.756Z",
    "published_date": "2019-04-17T19:00:41.760Z",
    "views": 2,
    "tags": [
      1
    ]
  }
},
{
  "model": "news.post",
  "pk": 138,
  "fields": {
    "author": 11,
    "category": null,
    "title": "asdf",
    "slug": "asdf",
    "text": "<p>asdf</p>",
    "created_date": "2019-04-17T19:54:19.158Z",
    "published_date": null,
    "views": 3,
    "tags": [
      1
    ]
  }
},
{
  "model": "news.post",
  "pk": 139,
  "fields": {
    "author": 1,
    "category": null,
    "title": "Cross-shard communication could be facilitated by Merkle-proof-verifiable receipts!",
    "slug": "cross-shard-communication-could-be-facilitated-by-merkle-proof-verifiable-receipts-1",
    "text": "<p>asdfasdf</p>",
    "created_date": "2019-04-18T13:38:12.801Z",
    "published_date": "2019-04-18T13:38:17.510Z",
    "views": 1,
    "tags": [
      1
    ]
  }
},
{
  "model": "news.post",
  "pk": 140,
  "fields": {
    "author": 1,
    "category": 11,
    "title": "Cross-shard communication could be facilitated by Merkle-proof-verifiable receipts!",
    "slug": "cross-shard-communication-could-be-facilitated-by-merkle-proof-verifiable-receipts-2",
    "text": "<p>asdfasdf</p>\r\n\r\n<p>as</p>\r\n\r\n<p>dfasd</p>\r\n\r\n<p>fas</p>",
    "created_date": "2019-04-18T14:07:55.588Z",
    "published_date": "2019-04-18T16:49:28.312Z",
    "views": 1,
    "tags": [
      5,
      7
    ]
  }
},
{
  "model": "news.category",
  "pk": 1,
  "fields": {
    "parent": null,
    "title": "News",
    "slug": "news-category"
  }
},
{
  "model": "news.category",
  "pk": 2,
  "fields": {
    "parent": 1,
    "title": "Bitcoin news",
    "slug": "bitcoin"
  }
},
{
  "model": "news.category",
  "pk": 3,
  "fields": {
    "parent": null,
    "title": "Ethereum",
    "slug": "ethereum"
  }
},
{
  "model": "news.category",
  "pk": 5,
  "fields": {
    "parent": null,
    "title": "Blockchain",
    "slug": "blockchain"
  }
},
{
  "model": "news.category",
  "pk": 6,
  "fields": {
    "parent": null,
    "title": "Technology",
    "slug": "technology"
  }
},
{
  "model": "news.category",
  "pk": 7,
  "fields": {
    "parent": null,
    "title": "Features",
    "slug": "features"
  }
},
{
  "model": "news.category",
  "pk": 8,
  "fields": {
    "parent": null,
    "title": "Events",
    "slug": "events"
  }
},
{
  "model": "news.category",
  "pk": 9,
  "fields": {
    "parent": 1,
    "title": "How does mining work",
    "slug": "how-does-mining-work"
  }
},
{
  "model": "news.category",
  "pk": 10,
  "fields": {
    "parent": 1,
    "title": "How to sell Bitcoin",
    "slug": "how-sell-bitcoin"
  }
},
{
  "model": "news.category",
  "pk": 11,
  "fields": {
    "parent": 1,
    "title": "Implementation of blockchain",
    "slug": "implementation-blockchain"
  }
},
{
  "model": "news.category",
  "pk": 12,
  "fields": {
    "parent": 1,
    "title": "Super use of Bitcoin",
    "slug": "super-use-bitcoin"
  }
},
{
  "model": "news.category",
  "pk": 13,
  "fields": {
    "parent": 1,
    "title": "One more category about bitcoin",
    "slug": "one-more-category-about-bitcoin"
  }
},
{
  "model": "news.category",
  "pk": 14,
  "fields": {
    "parent": 1,
    "title": "Best bitcoin resellers",
    "slug": "best-bitcoin-resellers"
  }
},
{
  "model": "news.category",
  "pk": 15,
  "fields": {
    "parent": 1,
    "title": "How to create your own wallet",
    "slug": "how-create-your-own-wallet"
  }
},
{
  "model": "news.category",
  "pk": 16,
  "fields": {
    "parent": 1,
    "title": "Tired to think of new categories",
    "slug": "tired-think-new-categories"
  }
},
{
  "model": "news.category",
  "pk": 17,
  "fields": {
    "parent": 1,
    "title": "What is Ethereum",
    "slug": "what-ethereum"
  }
},
{
  "model": "news.category",
  "pk": 18,
  "fields": {
    "parent": 1,
    "title": "What is Litecoin",
    "slug": "what-litecoin"
  }
},
{
  "model": "news.category",
  "pk": 19,
  "fields": {
    "parent": 1,
    "title": "Blockchain 101",
    "slug": "blockchain-101"
  }
},
{
  "model": "news.tag",
  "pk": 1,
  "fields": {
    "name": "bitcoin",
    "slug": "bitcoin"
  }
},
{
  "model": "news.tag",
  "pk": 2,
  "fields": {
    "name": "ethereum",
    "slug": "ethereum"
  }
},
{
  "model": "news.tag",
  "pk": 3,
  "fields": {
    "name": "Btc News",
    "slug": "btc-news"
  }
},
{
  "model": "news.tag",
  "pk": 4,
  "fields": {
    "name": "Best Cases",
    "slug": "best-cases"
  }
},
{
  "model": "news.tag",
  "pk": 5,
  "fields": {
    "name": "Jurisdictions",
    "slug": "jurisdictions"
  }
},
{
  "model": "news.tag",
  "pk": 6,
  "fields": {
    "name": "Better life",
    "slug": "better-life"
  }
},
{
  "model": "news.tag",
  "pk": 7,
  "fields": {
    "name": "Something else",
    "slug": "something-else"
  }
},
{
  "model": "news.tag",
  "pk": 8,
  "fields": {
    "name": "tenth tag",
    "slug": "tenth-tag"
  }
},
{
  "model": "news.tag",
  "pk": 9,
  "fields": {
    "name": "elevens tag",
    "slug": "elevens-tag"
  }
},
{
  "model": "news.tag",
  "pk": 10,
  "fields": {
    "name": "one more tag",
    "slug": "one-more-tag"
  }
}
]
